Measure_Code,Measure_Description_and_Unit_EN,Measure_Description_and_Unit_FR
6,1 fish (500 g),1 poisson (500 g)
7,1 lobster (900 g),1 homard (900 g)
8,1 abalone,1 abalone
9,1 anchovy,1 anchois
11,1 balsam-pear,1 margose
12,1 bar,1 barre
13,1 bar (75 ml),1 barre (75 ml)
14,1 beet (5 cm dia),1 betterave (5 cm dia)
15,1 biscuit,1 biscuit à la poudre à pâte
16,1 biscuit ( 2.5 cm x 5.7 cm dia),1 biscuit à la poudre à pâte ( 2.5 cm x 5.7 cm dia)
17,1 biscuit (cm x 9 cm dia),1 biscuit à la poudre à pâte (cm x 9 cm dia)
20,1 biscuit (2.5 cm x 6.4 cm dia),1 biscuit à la poudre à pâte (2.5 cm x 6.4 cm dia)
23,1 block,1 bloc
24,1 box,1 boîte
25,1 braided loaf,1 pain tressé
26,1 bulb,1 bulbe
27,1 burger,1 burger
28,1 cake,1 gâteau
29,"1 cake (2 layer, 20 cm dia)","1 gâteau (2 étage, 20 cm dia)"
30,"1 cake (2 layer, 23 cm dia)","1 gâteau (2 étage, 23 cm dia)"
31,1 cake (20 cm x 20 cm),1 gâteau (20 cm x 20 cm)
34,1 cake (25.4 cm dia tube),1 gâteau (25.4 cm dia tube)
36,1 cake (5 cm x 20 cm dia),1 gâteau (5 cm x 20 cm dia)
37,1 can,1 cannette / boite de conserve
38,1 can (284 ml),1 cannette / boite de conserve (284 ml)
39,1 can (355 ml),1 cannette / boite de conserve (355 ml)
40,1 can diluted,1 cannette / boite de conserve diluée
42,1 cheesefurter,1 saucisse au fromage
43,1 chestnut,1 marron
45,1 chop,1 côtelette
46,1 chop (113 g),1 côtelette (113 g)
47,1 chop (15g),1 côtelette (15g)
48,1 cone,1 cornet
49,1 cookie,1 biscuit
51,1 cookie (0.9 cm x 7.6 cm dia),1 biscuit (0.9 cm x 7.6 cm dia)
52,1 cookie (1.9 cm x 7.6 cm dia),1 biscuit (1.9 cm x 7.6 cm dia)
53,1 cookie (4.cm x 4.cm),1 biscuit (4.cm x 4.cm)
54,1 cookie (5.cm dia),1 biscuit (5.cm dia)
55,1 cookie (5.cm x 5.cm),1 biscuit (5.cm x 5.cm)
56,1 cookie (5.7 cm dia),1 biscuit (5.7 cm dia)
59,1 cookie (6.7 cm dia),1 biscuit (6.7 cm dia)
60,1 cookie (7 cm dia),1 biscuit (7 cm dia)
61,1 cookie (7 cm x 2.2 cm),1 biscuit (7 cm x 2.2 cm)
62,1 cookie (7.6 cm dia),1 biscuit (7.6 cm dia)
63,1 cookie (7.9 cm x 3.2 cm x 0.9 cm),1 biscuit (7.9 cm x 3.2 cm x 0.9 cm)
64,1 biscuit (3.5 cm x 8.3 cm),1 biscuit à la poudre à pâte (3.5 cm x 8.3 cm)
65,1 cookie (8.9 cm x 2.5 cm x 1.3 cm),1 biscuit (8.9 cm x 2.5 cm x 1.3 cm)
66,1 cookie (8.9-10.2 cm dia),1 biscuit (8.9-10.2 cm dia)
70,1 crab (150 g),1 crâbe (150 g)
71,1 crab (700 g),1 crâbe (700 g)
72,1 cracker,1 craquelin
73,1 crayfish,1 écrevisse
74,1 cream puff (8.9 cm dia),"1 chou à la crème (8,9 cm dia)"
75,1 croissant,1 croissant
76,1 crust (23 cm dia),1 croûte (23 cm dia)
77,1 cube (10.5g),1 cube (10.5g)
79,"1 doughnut (10,2 cm dia)","1 beigne (10,2 cm dia)"
80,"1 doughnut (11.4 cm x 8.9 cm, oval)","1 beigne (11.4 cm x 8.9 cm, oval)"
81,1 doughnut (7.6 cm dia),1 beigne (7.6 cm dia)
82,1 doughnut (8.9 cm dia),1 beigne (8.9 cm dia)
83,"1 doughnut (8.9 cm x 6.3 cm, oval)","1 beigne (8.9 cm x 6.3 cm, oval)"
84,1 doughnut (9.5cm dia),1 beigne (9.5cm dia)
85,1 drink box (250ml),1 boîte (250ml)
86,1 drumstick,1 pilon
88,1 ear,1 épis
89,1 eclair (12.7cm x 5cm x 4.4cm),1 éclair (12.7cm x 5cm x 4.4cm)
90,1 egg,1 oeuf
92,1 eggplant peeled,1 aubergine pelé
93,1 enchilada,1 enchilada
95,1 envelope,1 envelope
96,1 envelope (8 per 127g),1 envelope (8 per 127g)
97,1 fillet,1 filet
98,1 fillet (1cm x 5 cm x 0.6 cm),1 filet (1cm x 5 cm x 0.6 cm)
99,1 fish (1100g),1 poisson (1100g)
100,1 fish (1300g),1 poisson (1300g)
101,1 fish (1800g),1 poisson (1800g)
102,1 fish (2200g),1 poisson (2200g)
103,1 fish (225g),1 poisson (225g)
104,1 fish (3000g),1 poisson (3000g)
105,1 fish (350g),1 poisson (350g)
106,1 fish (700g),1 poisson (700g)
107,1 fish (900g),1 poisson (900g)
108,1 fritter,1 beignet
110,1 fruit,1 fruit
112,1 fruit (14 cm dia),1 fruit (14 cm dia)
113,1 fruit (14.6 cm x 7.3 cm x 6 cm),1 fruit (14.6 cm x 7.3 cm x 6 cm)
114,1 fruit (22 cm x 3.6 cm dia),1 fruit (22 cm x 3.6 cm dia)
115,1 fruit (5 cm dia),1 fruit (5 cm dia)
117,1 fruit (6.4 cm dia),1 fruit (6.4 cm dia)
118,1 fruit (6.4 cm x 7.6 cm dia),1 fruit (6.4 cm x 7.6 cm dia)
119,1 fruit (6.7 cm dia),1 fruit (6.7 cm dia)
120,1 fruit (6.8 cm dia),1 fruit (6.8 cm dia)
122,1 fruit (7.3 cm dia),1 fruit (7.3 cm dia)
123,1 fruit (8.3 cm x 7.3 cm dia),1 fruit (8.3 cm x 7.3 cm dia)
124,1 fruit (8.5 cm x 7.6 cm dia),1 fruit (8.5 cm x 7.6 cm dia)
125,1 fruit (8.9 cm x 6.4 cm dia),1 fruit (8.9 cm x 6.4 cm dia)
128,1 gizzard,1 gésier
129,1 gourd,1 gourde
130,1 gourd (33.7 cm x 4.4 cm dia),1 gourde (33.7 cm x 4.4 cm dia)
131,1 head,1 tête
134,1 heart,1 coeur
135,1 hotdog,1 hot-dog
136,1 hushpuppy (5.7 cm x 3.2 cm),"1 galette ""hush puppy"" (5.7 cm x 3.2 cm)"
137,1 ice cube,1 glaçon
138,1 kidney,1 rognon
139,1 large,1 gros
140,1 large (30-40),1 gros (30-40)
141,1 large clam,1 grosse palourde
142,1 large egg,1 oeufs large (gros)
143,1 large fruit,1 gros fruit
144,1 large fruit (6 cm dia),1 gros fruit (6 cm dia)
145,1 large link,1 grosse saucisse en chapelet
146,1 large patty,1 grosse boulette
148,1 leaf,1 feuille (leaf)
149,1 leek,1 poireau
150,1 leg,1 cuisse
152,1 link,1 saucisson
155,1 liver,1 foie
158,1 loaf (23 cm x 12.7 cm x 7.6 cm),1 pain (23 cm x 12.7 cm x 7.6 cm)
159,1 lobster (700g),1 homard (700g)
160,1 medium,1 moyen
161,1 medium fruit (5.4 cm dia),1 fruit moyen (5.4 cm dia)
163,1 medium slice,1 tranche moyenne
164,1 muffin,1 muffin
167,1 muffin (5.cm x 7 cm dia),1 muffin (5.cm x 7 cm dia)
171,1 mushroom,1 champignon
172,1 neck,1 cou
174,1 package,1 emballage
175,1 pancake (15.2 cm dia),1 crêpe (15.2 cm dia)
176,1 pancake (8 cm dia),1 crêpe (8 cm dia)
177,1 parsnip (16.5 cm x 2.5 cm dia),1 panais (16.5 cm x 2.5 cm dia)
178,1 pastry,1 pâtisserie
180,1 pastry (16.5 cm x 1.9 cm),1 pâtisserie (16.5 cm x 1.9 cm)
181,1 pastry (7.5 cm dia),1 pâtisserie (7.5 cm dia)
183,1 patty,1 boulette
184,1 patty (5.7 cm dia),1 boulette (5.7 cm dia)
185,1 pepper,1 poivron
186,1 pepper (9.5 cm x 7.6 cm dia),1 poivron (9.5 cm x 7.6 cm dia)
190,1 pickle,1 cornichon
191,1 pie,1 tarte
192,1 pie (12.7 cm x 9.5 cm),1 tarte (12.7 cm x 9.5 cm)
193,1 pie (20 cm dia),1 tarte (20 cm dia)
194,1 pie (23 cm dia),1 tarte (23 cm dia)
195,"1 pie, ready to serve","1 tarte, prête-à-servir"
196,1 piece,1 morceau
197,1 piece (10 cm x 5 cm x 1.3 cm),1 morceau (10 cm x 5 cm x 1.3 cm)
199,1 piece (1cm x 5 cm x 2 cm),1 morceau (1cm x 5 cm x 2 cm)
200,1 piece (1cm x 6 cm x 2 cm),1 morceau (1cm x 6 cm x 2 cm)
201,1 piece (12 cm x 5 cm x 2 cm),1 morceau (12 cm x 5 cm x 2 cm)
202,1 piece (14 cm x 4 cm x cm),1 morceau (14 cm x 4 cm x cm)
205,1 piece (4.5 cm x 4 cm x 4 cm),1 morceau (4.5 cm x 4 cm x 4 cm)
206,1 piece (5 cm x 3 cm x 1.2 cm),1 morceau (5 cm x 3 cm x 1.2 cm)
207,1 piece (6 cm x 4 cm x 4 cm),1 morceau (6 cm x 4 cm x 4 cm)
208,1 piece (6.3 cm x 5 cm dia),1 morceau (6.3 cm x 5 cm dia)
210,1 pita (16.5 cm dia),1 pita (16.5 cm dia)
211,1 pizza (12'' ),"1 pizzas (12"")"
212,1 pop,1 pop
213,1 pop (75ml),1 pop (75ml)
216,1 potato,1 pomme de terre
217,1 potato (12cm x 6cm dia),1 pomme de terre (12cm x 6cm dia)
218,1 potato (6.3cm dia),1 pomme de terre (6.3cm dia)
219,1 pouch,1 sachet (poche)
220,1 portion (pouch) prepared,1 portion (sachet) préparé
221,1 pretzel,1 bretzel (pretzel)
222,1 pudding cup,1 coupe de pouding
223,1 radish (18cm x 6cm dia),1 radis (18cm x 6cm dia)
224,1 rectangle,1 rectangle
227,1 roll,1 petit pain (pain mollet)
228,1 roll (6.3cm dia),1 petit pain (pain mollet) (6.3cm dia)
229,1 roll (8.9cm dia),1 petit pain (pain mollet) (8.9cm dia)
230,1 root,1 racine
231,1 round,1 rond
232,1 saltine cracker,1 craquelin salé
233,1 sandwich,1 sandwich
234,1 sardine (12cm long),1 sardine (12cm long)
235,1 sardine (7.5cm long),1 sardine (7.5cm long)
236,1 sheet,1 feuille
237,"1 sheet (42cm x 30.5cm, thin)","1 feuille (42cm x 30.5cm, mince)"
238,1 shell (12.7cm dia),1 coquille (12.7cm dia)
239,1 shell (15.2-17.8cm dia),1 coquille (15.2-17.8cm dia)
240,1 shell (17.8cm-20cm dia),1 coquille (17.8cm-20cm dia)
242,1 shell (9cm dia),1 coquille (9cm dia)
243,1 shoot,1 pousse
244,1 shoot (39cm x 2.9cm dia),1 pousse (39cm x 2.9cm dia)
245,1 slice,1 tranche
247,1 slice (0.3cm x 10cm dia),1 tranche (0.3cm x 10cm dia)
248,1 slice (0.3cm x 10.5cm dia),1 tranche (0.3cm x 10.5cm dia)
250,1 slice (0.6cm x 6cm dia),1 tranche (0.6cm x 6cm dia)
251,1 slice (0.6cm),1 tranche (0.6cm)
252,1 slice (1.3cm x 8.3cm dia),1 tranche (1.3cm x 8.3cm dia)
253,1 slice (10cm x 10cm x 0.2cm),1 tranche (10cm x 10cm x 0.2cm)
254,1 slice (10.8cm x 7.6cm x 1.9cm),1 tranche (10.8cm x 7.6cm x 1.9cm)
256,1 slice (1per 175g package),1 tranche (1 par paquet de 175g)
260,1 slice (12.7cm x 10.2cm x 1.9cm),1 tranche (12.7cm x 10.2cm x 1.9cm)
263,1 slice (12.7cm x 9.5cm x 1.3cm),1 tranche (12.7cm x 9.5cm x 1.3cm)
264,1 slice (13cm x 12cm x 0.2cm),1 tranche (13cm x 12cm x 0.2cm)
266,1 slice (16cm x 10cm x 0.2cm),1 tranche (16cm x 10cm x 0.2cm)
267,1 slice (17 per 375g package),1 tranche (17 par paquet de 375g)
269,1 slice (2cm x 9cm dia),1 tranche (2cm x 9cm dia)
271,1 slice (6 per 175g package),1 tranche (6 par paquet de 175g)
273,1 slice (8 per 175g package),1 tranche (8 par paquet de 175g)
274,1 small box,1 petite boîte
276,1 smelt,1 éperlan
277,1 snack cake,1 gâteau collation
278,1 spear,1 tige et fleur
279,1 square,1 carré
280,1 square (17.8cm x 17.8cm),1 carré (17.8cm x 17.8cm)
281,1 squid,1 calmar
283,1 stem,1 tige (stem)
284,1 stick,1 bâtonnet
285,1 stick (19.4cm x 1.6cm dia),1 bâtonnet (19.4cm x 1.6cm dia)
286,1 strip (21.5cm. long),1 tranche (21.5cm. long)
287,1 strudel,1 strudel
289,1 sundae,1 coupe glacée
290,1 super colossal,1 super colossale
292,1 sweet roll (7cm x 7cm),1 brioche (7cm x 7cm)
293,1 medium (12.7cm x 5.1cm dia),1 moyen (12.7cm x 5.1cm dia)
294,1 tablet,1 comprimé
296,1 thick wiener,1 grosse saucisse hot dog
297,1 thigh,1 haut de cuisse
298,1 toast,1 biscotte (toast)
299,1 tomato,1 tomate
302,1 triple,1 triple
304,1 waffle (10.2cm dia),1 gaufre (10.2cm dia)
305,1 waffle (17.8cm dia),1 gaufre (17.8cm dia)
306,1 wiener,1 saucisse hot dog
307,1 wing,1 aile
309,1 oz whiskey,1 once whiskey
310,1.5 oz whiskey,1.5 once whiskey
311,1/10 cake (300g),1/10 gâteau (300g)
312,1/10 fruit (20cm x 5cm dia),1/10 fruit (20cm x 5cm dia)
313,1/12 cake (23cm dia),1/12 gâteau (23cm dia)
314,1/12 cake (454g),1/12 gâteau (454g)
315,1/2 back,1/2 dos
316,1/2 bird,1/2 volaille
317,1/2 breast,1/2 poitrine
318,1/2 foot,1/2 pied
319,1/2 fruit (13cm dia),1/2 fruit (13cm dia)
320,1/2 fruit (9.5cm dia),1/2 fruit (9.5cm dia)
322,1/4 small fruit,1/4 petit fruit
323,1/5 head,1/5 tête
324,1/6 (17.8cm dia),1/6 (17.8cm dia)
325,1/6 cake (20cm dia),1/6 gâteau (20cm dia)
326,1/6 cake (482g),1/6 gâteau (482g)
327,1/6 pie (20cm dia),1/6 tarte (20cm dia)
328,1/8 pie (23cm dia),1/8 tarte (23cm dia)
329,1/8 ring (425g),1/8 rondelle (425g)
331,1/9 cake (567g),1/9 gâteau (567g)
332,10 chips,10 croustilles
333,10 fruits,10 fruits
334,10 halves,10 moitiés
336,10 pieces,10 morceaux
337,10 rings,10 rondelles
338,10 slices (0.6cm x 6.3cm dia),10 tranches (0.6cm x 6.3cm dia)
339,10 strips,10 frites (strips)
340,10 twists,10 torsades
341,100 ml,100 ml
342,100 ml chips,100 ml brisures
343,100 ml chopped,100 ml haché
344,100 ml crumbled,100 ml émietté
345,100 ml crumbs,100 ml miettes
346,100 ml crushed,100 ml écrasé
347,100 ml cubes,100 ml en cubes
348,100 ml diced,100 ml en dés
349,100 ml drained,100 ml égoutté
351,100 ml flaked,100 ml flocon
352,100 ml giblets,100 ml abattis
353,100 ml grated,100 ml râpés
354,100 ml halves,100 ml moitiés
355,100 ml large curd,100 ml gros caillé
357,100 ml mashed,100 ml en purée
358,100 ml melted,100 ml fondu
359,100 ml mini,100 ml mini
360,100 ml nuts,100 ml noix
361,100 ml nuts (40),100 ml noix (40)
362,100 ml packed,100 ml pressés
363,100 ml pieces,100 ml morceaux
364,100 ml pitted,100 ml dénoyauté
365,100 ml poured,100 ml versé
366,100 ml pulp,100 ml pulpe
367,100 ml puree,100 ml purée
368,100 ml shredded,100 ml filamenté
369,"100 ml shredded, packed","100 ml filamenté, pressé"
370,100 ml sifted,100 ml tamisé
371,100 ml slices,100 ml tranches
374,100 ml stirred,100 ml mélangé
376,100 ml unpacked,100 ml non pressé
377,100 ml unsifted,100 ml non tamisé
378,100 ml whipped,100 ml fouetté
379,100 ml whole,100 ml entier
382,12 biscuits,12 biscuits à la poudre à pâte
383,125 ml,125 ml
384,15 kernels,15 graines
385,15 ml,15 ml
386,15 ml bits,15 ml petits morceaux
387,15 ml chopped,15 ml haché
388,150 ml,150 ml
389,175 ml,175 ml
394,2 biscuits,2 biscuits à la poudre à pâte
395,2 burritos,2 burritos
396,2 eggs,2 oeufs
398,2 heaping teaspoons,2 cuillères à thé comble
399,2 muffets,2 muffets
400,2 per package,2 par paquet
402,2 pieces,2 morceaux
403,2 slices,2 tranches
404,2 small,2 petit
405,2 Tablespoon,2 cuillère à table (2)
408,2 oz cocktail,2 cocktail (insérez mesure) oz
410,2.5oz cocktail,cocktail 2.5 oz
411,20 medium nuts,20 noix moyennes
412,20 pieces,20 morceaux
413,200 ml,200 ml
414,225 ml,225 ml
415,250 ml,250 ml
418,250 ml water + powder,250 ml eau + poudre
427,3-4 heaping teaspoons,3-4 cuillères à thé comble
428,30 ml,30 ml
429,300 ml,300 ml
430,375 ml,375 ml
431,4 spears,4 pointes
434,4.5oz cocktail,cocktail 4.5oz
435,5 hushpuppies,5 hush puppies
436,5 leaves,5 feuilles
438,5 sticks,5 bâtonnets
439,5 ml,5 ml
440,5 ml chopped,5 ml haché
443,6 medium,6 moyen
445,6 pieces,6 morceaux
447,15-20 nachos,15-20 nachos
448,6-8 shrimps,6-8 crevettes
451,8 crayfish,8 écrevisse
452,8-14 seeds,8-14 graines
453,8-9 rings,8-9 rondelles
454,dough for 1,pâte pour 1
455,amount to make 100ml,quantité requise pour préparer 100ml
456,1 (0.8cm x 7.6cm dia) + liquid,1 (0.8cm x 7.6cm dia) + liquide
457,yield from 1 coconut,rendement d'une noix de coco
458,yield from 1 ear,rendement d'un épi
460,yield from 1 fruit,rendement d'un fruit
461,yield from 1 fruit (6.7cm dia),rendement d'un fruit (6.7cm dia)
463,yield from 1331g bird,rendement d'une volaille de 1331g
464,yield from 1512g bird,rendement d'une volaille de 1512g
465,yield from 2068g bird,rendement d'une volaille de 2068g
466,yield from 2949g bird,rendement d'une volaille de 2949g
470,yield from 7015g bird,rendement d'une volaille de 7015g
471,1 bottle (341ml),1 bouteille (341ml)
473,1 bean,1 fêve
474,1 bird,1 volaille
477,1 breast,1 poitrine
478,1 cherry,1 cerise
479,1 cherry tomato,1 tomate cerise
480,1 chip,1 croustille
481,1 clam,1 mye
482,1 clove,1 gousse
484,1 container (355ml),1 contenant (355ml)
486,1 cookie (1.9cm x 4.4cm dia),1 biscuit (1.9cm x 4.4cm dia)
488,1 cookie (4.4cm dia),1 biscuit (4.4cm dia)
489,1 cookie (5.7cm x 3.8cm),1 biscuit (5.7cm x 3.8cm)
490,1 cookie (6.3cm x 1.9cm x 0.6cm),1 biscuit (6.3cm x 1.9cm x 0.6cm)
491,1 cookie (6.3cm x 6.3cm),1 biscuit (6.3cm x 6.3cm)
493,1 cracker (4.8cm dia),1 craquelin (4.8cm dia)
494,1 cube (5.9g),1 cube (5.9g)
495,1 doughnut (8.3cm dia),1 beigne (8.3cm dia)
496,1 eclair shell (12.7cm x 5cm x 4.5cm),1 coquille d'éclair (12.7cm x 5cm x 4.5cm)
497,1 envelope (8 per 112g),1 envelope (8 per 112g)
498,1 flower,1 fleur
499,1 floweret,1 fleurette (bouquet)
500,1 fruit (5.7cm x 6.4cm dia),1 fruit (5.7cm x 6.4cm dia)
501,1 fruit (7.6cm x  2.5cm dia),1 fruit (7.6cm x 2.5cm dia)
503,1 green onion (15cm x 0.75cm dia),1 oignon vert (15cm x 0.75cm dia)
504,1 jumbo,1 jumbo
505,1 leaf (25cm x 16cm),1 feuille (25cm x 16cm)
506,1 link (10cm x 2.2cm dia),1 saucisse (10cm x 2.2cm dia)
507,1 link (5cm x 2cm dia),1 saucisse (5cm x 2cm dia)
508,1 medium (11.4cm x 10.2cm x 4.4cm),1 moyen (11.4cm x 10.2cm x 4.4cm)
509,1 medium fruit,1 fruit moyen
510,1 medium leaf,1 feuille moyenne
511,1 muffin (3.8cm x 6.3cm dia),1 muffin (3.8cm x 6.3cm dia)
512,1 muffin (3.8cm x 6.4cm dia),1 muffin (3.8cm x 6.4cm dia)
513,1 nutmeat (shelled nut),1 noix écalée (cerneau)
514,1 onion (2.5cm dia),1 oignon (2.5cm dia)
515,1 oyster,1 huître
516,1 oyster/soup cracker,1 mini craquelin
517,1 pad,1 feuillet
518,1 pancake (10.2cm dia),1 crêpe (10.2cm dia)
519,1 pancake (7cm dia),1 crêpe (7cm dia)
520,1 pastry (10.8cm dia),1 pâtisserie (10.8cm dia)
521,1 petiole,1 pétiole
522,1 piece (10cm x 2.5cm x 1.3cm),1 morceau (10cm x 2.5cm x 1.3cm)
523,1 piece (2.54cm x 2.54cm),1 morceau (2.54cm x 2.54cm)
524,1 piece (5cm x 2cm x 1cm),1 morceau (5cm x 2cm x 1cm)
525,1 piece (5.7cm x 2cm x 4.5cm),1 morceau (5.7cm x 2cm x 4.5cm)
526,1 piece (6.3cm x 6.3cm x 3.8cm),1 morceau (6.3cm x 6.3cm x 3.8cm)
527,1 pita (10.2cm dia),1 pita (10.2cm dia)
528,1 plant,1 plante
529,1 pod,1 cosse
530,1 pod (34cm x 0.6cm dia),1 cosse (34cm x 0.6cm dia)
531,1 pod (39cm x 1.3cm dia),1 cosse (30cm x 1.3cm dia)
532,1 pod (8cm x 2cm dia),1 cosse (8cm x 2cm dia)
533,1 potato puff,1 morceau de pomme de terre
535,1 regular,1 régulier
536,1 regular (20-25),1 régulier (20-25)
537,1 sausage,1 saucisse
538,1 section,1 section
539,1 shell,1 coquille
540,1 shortcake,1 gâteau éponge
541,1 slice (0.2cm x 7cm dia),1 tranche (0.2cm x 7cm dia)
542,1 slice (0.3cm x 12cm),1 tranche (0.3cm x 12cm)
543,1 slice (0.3cm x 2.5cm dia),1 tranche (0.3cm x 2.5cm dia)
544,1 slice (11.1cm x 6.3cm x 1.3cm),1 tranche (11.1cm x 6.3cm x 1.3cm)
548,1 slice (12.7cm x 7.6cm x 1.3cm),1 tranche (12.7cm x 7.6cm x 1.3cm)
553,1 small,1 petit
554,1 small burger,1 petit hamburger (hambourgeois)
555,1 small clam,1 petite mye
556,1 small egg,1 petit oeuf
558,1 small patty,1 petite boulette
559,1 snack size,1 mini-tablette
560,1 sprig,1 branche
561,1 sprout,1 chou
562,1 square 8.9cm x 8.9cm),1 carré (8.9cm x 8.9cm)
563,1 stalk,1 tige
564,1 spear (12.7cm long),1 tige et fleur (12.7cm long)
565,1 stick (23.5cm x 0.9cm dia),1 bâtonnet (23.5cm x 0.9cm dia)
568,1 thick slice,1 tranche épaisse
569,1 thin square,1 carré mince
571,1 very small,1 très petit
572,1 waffle (10.2cm x 10.2cm),1 gaufre (10.2cm x 10.2cm)
573,1 waffle (11.4cm x 11.4cm),1 gaufre (11.4cm x 11.4cm)
574,1/10 cake (5cm x 20cm dia),1/10 gâteau (5cm x 20cm dia)
575,"1/12 cake (2 layer, 20cm dia)","1/12 gâteau (2 étage, 20cm dia)"
576,"1/12 cake (2 layer, 23cm dia)","1/12 gâteau (2 étage, 23cm dia)"
577,1/12 cake (20cm dia),1/12 gâteau (20cm dia)
578,1/12 cake (20cm x 20cm),1/12 gâteau (20cm x 20cm)
580,1/12 cake (25.4cm dia tube),1/12 gâteau (25.4cm dia tube)
581,1/12 cake (340g),1/12 gâteau (340g)
583,1/2 fillet,1/2 filet
584,1/2 fruit + 25ml liquid,1/2 fruit + 25ml liquide
588,1/4 pie (15.2cm dia),1/4 tarte (15.2cm dia)
589,1/6 pie,1/6 tarte
590,1/6 strudel,1/6 strudel
591,1/8 cake (20cm x 15cm),1/8 gâteau (20cm x 15cm)
592,1/8 cake (23cm dia),1/8 gâteau (23cm dia)
593,1/8 crust (23cm dia),1/8 croûte (23cm dia)
594,1/8 pie (17.8cm dia),1/8 tarte (17.8cm dia)
595,1/8 pie (20cm dia),1/8 tarte (20cm dia)
596,1/8 pizza (12'' ),"1/8 pizzas (12"")"
597,1/9 cake (20cm x 20cm),1/9 gâteau (20cm x 20cm)
598,10 gumdrops,10 bonbons
599,10 large beans,10 grosse fêves
601,10 peas,10 petits pois
602,10 peppers,10 piments
604,10 radishes,10 radis
605,10 sprigs,10 branches
606,10 sprouts,10 graines germées
607,10 sticks,10 bâtonnets
608,100 almonds,100 amandes
609,100 kernels,100 graines
610,100 seeds,100 grains
612,100 ml ground,100 ml moulu
613,100 ml hearts,100 ml coeurs
614,100 ml hulled,100 ml écalé
616,100 ml not pitted,100 ml avec noyau
617,100 ml sections,100 ml sections
618,"100 ml shredded, not packed","100 ml filamenté, non pressé"
619,100 ml small curd,100 ml petit caillé
620,100 ml spirals,100 ml spirales
621,15 halves,15 moitiés
623,2 fruits + 30ml liquid,2 fruits + 30ml liquide
624,2 medium,2 moyen
625,2 small rice cakes,2 petite galette de riz
626,25 almonds,25 amandes
628,3 fruits,3 fruits
629,3 halves + 26ml liquid,3 moitiés + 26ml liquide
630,3 stalks,3 tiges
631,4 waterchestnuts (3.2-5.1cm dia),4 châtaignes (3.2-5.1cm dia)
633,5 medium,5 moyen
634,5 skins,5 peaux
635,5 sprigs,5 branches
636,50 kernels,50 graines
637,50 seeds,50 grains
638,50 ml,50 ml
639,6 small cups,6 petites tasses
640,60 ml,60 ml
641,75 ml,75 ml
642,1 crayfish with shell (30g),1 écrevisse avec coquille (30g)
644,"1 package, dry (10.8g)","1 paquet, sec (10.8g)"
645,"1 package, dry (156g)","1 paquet, sec (156g)"
646,"1 package, dry (2.5g)","1 paquet, sec (2.5g)"
649,"1 package, dry (21.3g)","1 paquet, sec (21.3g)"
650,"1 package, dry (21g)","1 paquet, sec (21g)"
651,"1 package, dry (22g)","1 paquet, sec (22g)"
652,"1 package, dry (23g)","1 paquet, sec (23g)"
653,"1 package, dry (24.8g)","1 paquet, sec (24.8g)"
654,"1 package, dry (25g)","1 paquet, sec (25g)"
655,"1 package, dry (26g)","1 paquet, sec (26g)"
656,"1 package, dry (27g)","1 paquet, sec (27g)"
659,"1 package, dry (57g)","1 paquet, sec (57g)"
664,1 raw chicken (1511g),1 poulet cru (1511g)
665,1 raw chicken (1977g),1 poulet cru (1977g)
666,1 raw chicken (864g),1 poulet cru (864g)
670,1 raw crab,1 crabe cru
671,1 raw leg,1 cuisse crue
672,1 raw lobster,1 homard cru
673,1 raw patty (27g),1 boulette cru (27g)
674,1 raw patty (56g),1 boulette cru (56g)
675,1 raw patty (65g),1 boulette cru (65g)
680,100 ml dry,100 ml sec
681,100 g as purchased,100 g tel qu'acheté
682,100 g raw boneless,"100 g cru, désossé"
683,100 g raw as purchased,"100 g acheté, cru"
684,100 g raw fillet,100 g filet cru
685,10 nuts,10 noix
686,"500 g of raw whole bird, as purchased (including bones)","500 g cru, volaille entière, à l'achat (incluant os)"
687,500 g ready to cook (incl bones),500 g prêt à cuire (avec os)
693,1 bar (60g),1 barre (60g)
696,1 envelope (13g),1 envelope (13g)
697,1 envelope (14g),1 envelope (14g)
700,1 bar (68g),1 barre (68g)
701,1 bar (40g),1 barre (40g)
702,1 candy roll,1 rouleau de bonbons
703,1 bunch,1 1 botte
704,10 slices,10 tranches
705,1 endive,1 endive
750,total refuse,portion non comestible totale
751,bone,os
752,skin,peau (pelure)
753,shell + membrane,coquille et membrane
754,"tough stems, flower heads + trimmings","tiges coriaces, boutons de fleurs"
758,separable fat,gras séparable
759,skin and seperable fat,peau et gras séparable
760,handling loss,pertes dues aux manipulations
777,fat and valves,graas et valvules
778,cartilage and connective tissue,cartilage et tissu conjonctif
779,skin and connective tissue,peau et tissu conjonctif
780,bone and skin,os et peau
781,connective tissue,tissu conjonctif
782,bloodclots and membrane,caillots sanguins et membrane
783,thaw juice and trim,liquide de décongelation et parures
784,bone and hard tissue,os et tissus durs
785,fat,gras
786,bone and tendon,os et tendons
797,1 raw link (28g),1 saucisse crue (28g)
798,2 leaves,2 feuilles
799,1 cupcake,1 petit gâteau
801,1 packet (individual),1 paquet (individuel)
802,"connective tissue, fat and veins","tissu conjonctif, gras et veines"
803,connective tissue and veins,tissu conjonctif et veines
804,seeds,grains
805,stems,queues/tiges
806,pits,noyaux
807,seeds and skin,noyau (pépins) et peau (pelure)
808,core and stem,noyau et queue (tige)
809,core,noyau
810,pits and stems,noyaux et tiges (queues)
811,"peel, seeds, core and membrane","pelure, pépins, noyaux et membrane"
812,husk,enveloppe / écale
813,"seeds, stem and blossom end","pépins, tige et fleur"
815,peel,pelure
816,peel and seeds,pelure et pépins
817,shells and seeds,écailles et noyaux
818,cavity contents,contenu cavité
819,rind,zeste / pelure / écorce
820,peel and navel,pelure et navel
821,shells / husks,enveloppes/ écales
822,calyx,callice
823,skin and stems,pelure et tige (queue)
824,"seeds, skin and bud","pépins, pelure et bouton"
825,"seeds, skin and membrane","pépins, pelure et membrane"
826,"core, seeds and parings","noyau, pépins et épluchures"
827,caps and pits,capuchons et noyaux
828,seed pods and stem,pépins et tiges (queues)
829,pods and seeds,gousses et graines
830,"rind, seeds and cutting loss","pelure, noyaux et pertes/manipulations"
831,stems and spoiled berries,queues et baies gâtées
832,cutting loss,pertes dues à la coupe
833,pits and skin,noyaux et pelure
834,crown,couronne
835,parings,épluchures
836,"caps, stems and spoiled berries","capuchons, queues et baies gâtées"
837,ends,bouts
838,leaves,feuilles
839,caps and stems,capuchons et queues
840,shells and skins,écales et pelures
841,"shells, skin and water","écales, peau et eau"
842,liquid,liquide
843,soft shells,écales molles
857,hard seed coat,couche dure des noyaux
858,100 ml (7 kernels),100 ml (7 graines)
859,1 large (20cm long),1 gros (20cm long)
860,1 small (15cm long),1 petit (15cm long)
861,1 small (10cm long),1 petit (10cm long)
862,1 medium (11.5cm long),1 moyen (11.5cm longueur)
863,1 large (13cm long),1 gros (13cm long)
864,1/5 block,1/5 bloc
866,1 individual container,1 contenant individuel
867,1 serving,1 portion
870,skin and sprout,pelure et germe
878,1 unprepared portion,1 portion non preparée
897,1 shell (7.6cm dia),1 coquille (7.6cm dia)
899,1 shell (25cm dia),1 coquille (25cm dia)
900,1 shell (15.2cm dia),1 coquille (15.2cm dia)
917,10-12 kernels,10-12 graines/noix
919,tough stems and leaves,pédoncules (tiges) coriaces et feuilles
920,pods,cosses
921,amount to make 125ml,quantité requise pour préparer 125ml
922,"100 g raw part, as purchased (including bones)","100 g cru, tel qu'acheté (incluant os)"
923,45 ml,45 ml
932,80 ml,80 ml
933,1 cutlet,1 escalope
934,1 collar,1 collet
935,1 lung,1 poumon
936,external fat,gras externe
937,internal fat,gras interne
940,100 g whole egg liquid yields,100 g - rendement oeuf entier liquide
941,1 extra large egg,1 oeuf extra gros
942,1 medium egg,1 oeuf moyen
943,"250 ml, crushed","250 ml, écrasé"
944,"100 ml crushed, diced or chunks","100 ml écrasé, en dés ou morceaux"
949,"1 slice, small (5cm x 6.3cm x 4.4cm)","1 tranche, petite (5cm x 6.3cm x 4.4cm)"
950,"1 slice, medium (10cm x 6.3cm x 4.4cm)","1 tranche, moyenne (10cm x 6.3cm x 4.4cm)"
951,"1 slice, large (15cm x 6.3cm x 4.4cm)","1 tranche, grosse (15cm x 6.3cm x 4.4cm)"
952,1 potato small (4.4cm-5.7cm dia),1 pomme de terre petite (4.4cm-5.7cm dia)
953,1 potato medium (5.7cm-8.3cm dia),1 pomme de terre moyenne (5.7cm-8.3cm dia)
954,1 potato large (7.6cm-10.8cm dia),1 pomme de terre grosse (7.6cm-10.8cm dia)
955,15 ml drained,15 ml égoutté
956,"roots, old / bruised leaves","racines, feuilles vieilles / endommagées"
957,1 fruit + liquid,1 fruit + liquide
959,1/2 fruit + liquid,1/2 fruit + liquide
960,15 chestnuts,15 marrons
962,"5 ml, ground","5 ml, moulu"
963,"15 ml, ground","15 ml, moulu"
964,"5 ml, leaves","5 ml, feuilles"
965,"15 ml, leaves","15 ml, feuilles"
966,1 pat (2.54cm x 2.54cm x 0.85cm),1 carré (2.54cm x 2.54cm x 0.85cm)
968,125 ml diced,125 ml en dés
969,125 ml shredded,125 ml filamenté
971,125 ml slices,125 ml tranches
972,125 ml large curd,125 ml gros caillé
973,125 ml small curd,125 ml petit caillé
974,125 ml unpacked,125 ml non pressé
975,250 ml crumbled,250 ml émietté
976,250 ml diced,250 ml en dés
977,250 ml shredded,250 ml filamenté
978,250 ml melted,250 ml fondu
979,250 ml slices,250 ml tranches
981,250 ml large curd,250 ml gros caillé
982,250 ml small curd,250 ml petit caillé
983,250 ml unpacked,250 ml non pressé
985,amount to make 250ml,quantité requise pour préparer 250ml
987,175 g,175 g
988,"250 ml, sifted","250 ml, tamisé"
989,"15 ml, sifted","15 ml, tamisé"
990,50 g,50 g
991,"250 ml, chopped","250 ml, haché"
992,1 jumbo egg,1 œuf jumbo
993,amount to make 250ml of reconstituted milk,quantité requise pour préparer 250ml de lait reconstitué
994,"250 ml, diced","250 ml, en dés"
995,"250 ml, shredded","250 ml, filamenté"
996,"250 ml, melted","250 ml, fondu"
997,"250 ml, crumbled","250 ml, émietté"
998,1 creamer,1 godelet
999,250 ml whipped,250 ml fouetté
1000,250 ml fluid (yields 2 cups whipped),250 ml liquide (donne 2 tasses fouettée)
1001,5 ml crumbled,5 ml émietté
1002,15 ml crumbled,15 ml émietté
1003,250 ml sprigs,250 ml branches
1004,100 ml sprigs,100 ml branches
1005,1 dash,1 pincée
1006,"crown, tops and scrapings","collet, fanes et pelures"
1007,125 ml halves,125 ml moitiés
1009,3 halves with liquid,3 moitiés avec liquide
1010,250 ml halves,250 ml moitiés
1011,125 ml whole,125 ml entier
1012,250 ml whole,250 ml entier
1013,125 ml puree,125 ml purée
1014,250 ml puree,250 ml purée
1015,125 ml cubes,125 ml en cubes
1016,250 ml cubes,250 ml en cubes
1017,125 ml frozen,125 ml congelé
1018,250 ml frozen,250 ml congelé
1019,100 ml frozen,100 ml congelé
1020,125 ml thawed,125 ml dégelé
1021,250 ml thawed,250 ml dégelé
1022,100 ml thawed,100 ml dégelé
1023,1 large fruit (11.5cm long),1 gros fruit (11.5cm long)
1024,1 medium fruit (9cm long),1 fruit moyen (9cm long)
1025,1 small fruit (7.5cm long),1 petit fruit (7.5cm long)
1026,125 ml pitted,125 ml dénoyauté
1027,250 ml not pitted,250 ml avec noyau
1028,250 ml pitted,250 ml dénoyauté
1029,125 ml not pitted,125 ml avec noyau
1030,20 fruits,20 fruits
1031,125 ml chopped,125 ml haché
1032,250 ml chopped,250 ml haché
1033,1 slice (1.3cm thick),1 tranche (1.3cm épaisseur)
1034,5 fruits + liquid,5 fruits + liquides
1035,2 figs,2 figues
1036,10 figs,10 figues
1037,125 ml sections,125 ml sections
1038,250 ml sections,250 ml sections
1040,40 fruits,40 fruits
1041,15 fruits,15 fruits
1042,5 fruits,5 fruits
1043,1 wedge or slice of medium fruit,1 quartier ou tranche d'un fruit moyen
1044,1 fruit yields,"1 fruit, rendement"
1045,1 wedge yields,1 quartier donne
1046,1 small fruit,1 petit fruit
1047,1 melon,1 melon
1048,10 melon balls,10 boules de melon
1049,100 ml balls,100 ml boules
1050,125 ml balls,125 ml boules
1051,250 ml balls,250 ml boules
1052,1 melon (13.3cm dia),1 melon (13.3cm dia)
1053,1 melon (15.2cm - 17.8cm dia),1 melon (15.2cm - 17.8cm dia)
1054,1 wedge (1/8 of a 13.3cm dia melon),1 quartier (1/8 d'un melon de 13.3cm dia)
1055,1 wedge (1/8 of a 15.2cm to 17.8cm dia melon),1 quartier (1/8 d'un melon de 15.2cm à 17.8cm dia)
1056,1 medium fruit (6cm dia),1 fruit moyen (6cm dia)
1057,1 small fruit (5.7cm dia),1 petit fruit (5.7cm dia)
1058,1 large fruit (6.4cm dia),1 gros fruit (6.4cm dia)
1059,125 ml mashed,125 ml en purée
1060,250 ml mashed,250 ml en purée
1061,1 large (14.6cm long x 8.3cm dia),1 gros (14.6cm long x 8.3cm dia)
1062,1 medium (13cm long x 7.6cm dia),1 moyen (13cm long x 7.6cm dia)
1063,1 small (11.4cm long x 7cm dia),1 petit (11.4cm long x 7cm dia)
1064,100 ml halves or slices,100 ml moitiés ou tranches
1065,125 ml halves or slices,125 ml moitiés ou tranches
1066,250 ml halves or slices,250 ml moitiés ou tranches
1067,1 half with liquid,1 moitié avec liquide
1068,2 halves,2 moitiés
1070,75 ml halves,75 ml moitiés
1071,100 ml chunks,100 ml gros morceaux
1072,125 ml chunks,125 ml gros morceaux
1073,250 ml chunks,250 ml gros morceaux
1076,125 ml pulp,125 ml pulpe
1077,250 ml pulp,250 ml pulpe
1078,1 fruit (17.8cm x 13.3cm dia),1 fruit (17.8cm x 13.3cm dia)
1081,1 medium fruit (7cm dia),1 fruit moyen (7cm dia)
1082,1 large fruit (8.3cm dia),1 gros fruit (8.3cm dia)
1084,1 extra small (less than 15cm long),1 très petit (moins de 15 cm long)
1085,1 small (15cm to 17.5cm long),1 petit (15cm to 17.5cm long)
1086,1 medium (18cm to 20cm long),1 moyen (18cm à 20cm long)
1087,1 large (20cm to 22.5cm long),1 gros (20cm to 22.5cm long)
1088,1 extra large (23cm or longer),1 extra gros (23cm ou plus long)
1089,50 berries,50 baies
1090,"100 ml pitted, chopped","100 ml dénoyauté, haché"
1091,"125 ml pitted, chopped","125 ml dénoyauté, haché"
1092,"250 ml pitted, chopped","250 ml dénoyauté, haché"
1095,1 small fruit (3.8cm dia),1 petit fruit (3.8cm dia)
1096,1/2 fruit (approx 11.5cm dia),1/2 fruit (approx 11.5cm dia)
1097,1/2 fruit (approx 10cm dia),1/2 fruit (approx 10cm dia)
1098,1/2 fruit (approx 9cm dia),1/2 fruit (approx 9cm dia)
1099,100 ml seedless,100 ml sans pépins
1100,125 ml seedless,125 ml sans pépins
1101,250 ml seedless,250 ml sans pépins
1105,"outer leaves, core and trimmings","feuilles extérieures, noyau et parures"
1106,trimmings,parures
1107,1 large melon (16.5cm dia),1 gros melon (16.5cm dia)
1108,1 large wedge (1/8 large melon),1 gros quartier (1/8 gros melon)
1109,1 medium melon (12.7cm dia),1 melon moyen (12.7cm dia)
1110,1 medium wedge (1/8 medium melon),1 quartier moyen (1/8 melon moyen)
1111,1 small melon (10.8cm dia),1 petit melon (10.8cm dia)
1112,1 small wedge (1/8 small melon),1 petit quartier (1/8 petit melon)
1113,1 large (7.8cm dia),1 gros (7.8cm dia)
1114,1 medium (6.7cm dia),1 moyen (6.7cm dia)
1115,1 small (6cm dia),1 petit (6cm dia)
1117,1 medium (6.4cm dia),1 moyen (6.4cm dia)
1118,1 small (5cm dia),1 petit (5cm dia)
1119,125 ml drained,125 ml égoutté
1120,250 ml drained,250 ml égoutté
1121,9 fruits,9 fruits
1122,100 ml chopped or diced,100 ml haché ou en dés
1123,125 ml chopped or diced,125 ml haché ou en dés
1124,250 ml chopped or diced,250 ml haché ou en dés
1125,1 small (2.5cm dia),1 petit (2.5cm dia)
1126,1 medium (3.2cm dia),1 moyen (3.2cm dia)
1127,1 large (3.5cm dia),1 gros (3.5cm dia)
1128,1 extra large (4.1cm dia),1 extra gros (4.1cm dia)
1129,125 ml packed,125 ml pressés
1130,250 ml packed,250 ml pressés
1131,1 miniature box,1 boîte miniature
1132,50 raisins,50 raisins
1133,75 ml pitted,75 ml dénoyauté
1135,"125 ml crushed, diced or chunks","125 ml écrasé, en dés ou morceaux"
1136,"250 ml crushed, diced or chunks","250 ml écrasé, en dés ou morceaux"
1137,1 slice (7.6cm dia) + liquid,1 tranche (7.6cm dia) + liquide
1138,1 thin slice (1.3cm x 9cm dia),1 tranche mince (1.3cm x 9cm dia)
1140,1 spear tip (5cm long and less),1 pointe (5 cm long. et moins)
1141,1 small spear (12.7cm long or less),1 petite tige (12.7cm long. ou moins)
1142,1 medium spear (13.3cm to 17.8cm long),1 tige moyenne (13.3cm à 17.8cm long)
1143,1 large spear (18.4cm to 21.6cm long),1 grosse tige (18.4cm à 21.6cm long)
1144,1 extra large spear (22.2cm to 25.4cm long),1 très grosse tige (22.2cm à 25.4cm long)
1145,125 ml pieces,125 ml morceaux
1146,250 ml pieces,250 ml morceaux
1147,sheath,enveloppe
1148,pods and imperfect beans,cosses et fèves imparfaites
1149,"stems, bruised and old leaves","tiges, feuilles/vieilles endommagées"
1150,"skin, root and tips","pelure, racine et bouts"
1151,"leaves, stem ends, peels","feuilles, bouts de la tige, pelure"
1152,1 small (10.2cm dia),1 petit (10.2cm dia)
1153,1 medium (12.7cm dia),1 moyen (12.7cm dia)
1154,1 large (14cm dia),1 gros (14cm dia)
1155,base and damaged leaves,base et feuilles endommagées
1156,outer leaves and root base,feuilles extérieures et base de la racine
1157,end and stem,bouts et tige
1158,root base and core,base de la racine et noyau
1159,peels and tops,pelure et fanes
1160,stem ends,bouts de la tige
1161,9 sprigs,9 branches
1162,cob,épi
1163,end and strings,bouts et fils
1164,"stems, crown and spoiled leaves","tiges, couronne et feuilles endommagées"
1165,"ends, parings and trimmings","bouts, épluchures et parures"
1166,1 eggplant unpeeled,1 aubergine non pelé
1167,scrapings,pelure / peau
1168,"ends, skins and seeds","bouts, peau et pépins"
1169,"ribs, skin, stem and blossom end","peau, tige et extremité apicale"
1170,stems and defects,tige et taches
1171,"leaves, stems and parings","feuilles, tiges et épluchures"
1172,outer leaves and core,feuilles extérieures et noyau
1173,125 ml shredded or chopped,125 ml filamenté ou haché
1174,250 ml shredded or chopped,250 ml filamenté ou haché
1175,100 ml shredded or chopped,100 ml filamenté ou haché
1176,1 head (12.7cm dia),1 tête (12.7cm dia)
1177,1 small leaf,1 petite feuille
1178,1 large leaf,1 grosse feuille
1179,1 root (24cm long),1 racine (24cm long)
1180,skin and end of lobes,peau et bout des lobes
1181,ends and skin,bouts et peau
1182,bases,bases
1183,large stems and roots,grosses tiges et racines
1184,crown and tips,bout de la tige et petits bouts
1185,rootlets,radicelles
1186,1 medium (10.5cm long),1 moyen (10.5cm long)
1187,1 small (7.6cm long),1 petit (7.6cm long)
1188,leaf tops and roots,bouts de feuilles et racines
1189,1 skin,1 peau (pelure)
1190,pistil and calyx,pistil et callice
1191,1 squash,1 courge
1192,tops ans parings,fanes et épluchures
1193,scrapings and rootlets,pelures et radicelles
1194,100 ml undrained,100 ml non drainé
1195,125 ml undrained,125 ml non drainé
1196,250 ml undrained,250 ml non drainé
1197,10 sheets,10 feuilles (sheets)
1198,"stems, pistil and calyx","tiges, pistil et calice"
1199,tough stems and bruised leaves,tiges coriaces et feuilles endommagées
1200,1 leaf (31cm long),1 feuille (31cm long)
1201,parings and trimmings,épluchures et parures
1202,"stem, midrib and tough leaves","tige, nervure médiane et feuilles coriaces"
1203,"root crown, tough stems and discarded leaves","collet, tiges coriaces et feuilles jetées"
1204,tough stems and ends,tiges coriaces et bouts
1205,"stem, center and skin","tiges, milieu et peau"
1206,stalks,tiges
1207,hard outer coverings and fibre,recouvrement externe dur et fibres
1208,"stems, tough part of midribs","tiges, parties coriaces de la nervure médiane"
1209,1 radish (17cm long),1 radis (17cm long)
1210,"seeds, rind and stem","pépins, zeste/pelure/écorce et tige"
1211,"stem ends, seeds and core","bout de la tige, pépins et noyau"
1212,1 pancake,1 crêpe
1213,stems and inedible parts of bracts and flower,tiges et parties non comestible de la fleur et de la bractée
1214,125 ml hearts,125 ml coeurs
1215,250 ml hearts,250 ml coeurs
1216,1 large gherkin (7.6cm long),1 gros cornichon (7.6cm long)
1217,1 medium gherkin (7cm lon),1 moyen cornichon (7cm lon)
1218,1 small gherkin (6.4cm lon),1 petit cornichon (6.4cm lon)
1219,1 large (10cm long),1 gros (10cm long)
1220,1 medium (9.5cm long),1 moyen (9.5cm long)
1221,stems and trimmings,tiges et parures
1222,"1 large (9.5cm long, 7.6cm dia)","1 gros (9.5cm long, 7.6cm dia)"
1223,core and leaf ends,noyau et bouts de feuilles
1224,"stalk, leaves and core","tiges, feuilles et noyau"
1225,"roots, stems and bruised leaves","racines, tiges et feuilles endommagées"
1226,spines and dark spots,épines et taches foncées
1227,"leaf, stalks, core and trimmings","feuilles, tiges, noyau et parures"
1228,1 large head (15cm to 18cm dia),1 grosse tête (15cm à 18cm dia)
1229,1 medium head (13cm to 15cm dia),1 tête moyenne (13cm à 15cm dia)
1230,1 small head  (10cm dia),1 petite tête (10cm dia)
1231,1 cucumber (21cm long),1 concombre (21cm long)
1232,1 spear (about 13cm long),1 pointe (environ 13cm long)
1233,"ends, strings and trimmings","bouts, fils et parures"
1234,10 beans,10 fêves
1235,1 beet,1 betterave
1236,"leaves, tough stalks and trimmings","feuilles, tiges coriaces et parures"
1237,1 large stalk (28cm to 31cm long),1 grosse tige (28cm à 31cm long)
1238,1 medium stalk (19cm to 20cm long),1 tige moyenne (19cm à 20cm long)
1239,1 small stalk (13cm long),1 petite tige (13cm long)
1240,outer leaves,feuilles extérieures
1241,125 ml grated,125 ml râpés
1242,250 ml grated,250 ml râpés
1243,1 large (18.4cm to 21.6cm long),1 gros (18.4cm to 21.6cm long)
1244,1 small (14cm long),1 petit (14cm long)
1245,1 large strip (7.6cm long),1 gros bâtonnet (7.6cm long)
1246,1 medium strip,1 moyen bâtonnet
1247,1 thin strip,1 bâtonnet mince
1248,1 carrot,1 carotte
1249,roots and trimmings,racines et parures
1250,100 ml strips,100 ml bâtonnets
1251,125 ml strips,125 ml bâtonnets
1252,250 ml strips,250 ml bâtonnets
1253,1 strip (10cm long),1 bâtonnet (10cm long)
1254,"husk, silk and trimmings","enveloppe, soie et parures"
1255,yield from 1 large ear (20cm to 23cm long),rendement d'un gros épi (20cm à 23cm long)
1256,yield from 1 medium ear (17cm to 19cm long),rendement d'un épi moyen (17cm à 19cm long)
1257,yield from 1 small ear (14cm to 16.5cm long),rendement d'un petit épi (14cm à 16.5cm long)
1258,knob and skin,bourse et peau
1259,"stem ends, tough stems and tough midrib parts","bout de tiges, tiges coriaces et parties coriaces de la nervure mèdiane"
1260,"tops, root ends and skin","fanes, bouts de racines et peau"
1261,1 large head,1 grosse tête
1262,1 medium head (15cm dia),1 moyenne tête (15cm dia)
1263,1 small head,1 petite tête
1264,1 cap,1 capuchon
1265,"stem ends, sprouts and defects","bouts de racine, pousses et défauts"
1266,1 large slice,1 grosse tranche
1267,1 thin slice,1 tranche mince
1268,10 large rings (7.6cm to 10cm dia),10 grosses rondelles (7.6cm à 10cm dia)
1269,10 medium rings (5cm to 7.6cm dia),10 rondelles moyennes (5cm à 7.6cm dia)
1270,10 small rings (2.5cm to 5cm dia),10 petites rondelles (2.5cm à 5cm dia)
1271,tough stems,tiges coriaces
1272,1 parsnip (23cm long),1 panais (23cm long)
1273,pods and inedible seeds,cosses et pépins non comestibles
1274,1 large (7.6cm to 10.8cm dia),1 gros (7.6cm to 10.8cm dia)
1275,1 medium (5.7cm to 8.3cm dia),1 moyen (5.7cm à 8.3cm dia)
1276,1 small (4.4cm to 6.4cm dia),1 petit (4.4cm to 6.4cm dia)
1277,skin and adhering flesh,peau et chair adhérente
1278,skin and eyes,peau et oeil
1279,100 ml unprepared,100 ml non préparé
1280,125 ml unprepared,125 ml non préparé
1281,250 ml unprepared,250 ml non préparé
1282,1 oval patty (7.6cm x 3.8cm x 1.3cm),1 boulette ovale (7.6cm x 3.8cm x 1.3cm)
1283,1 large (2.5cm to 3.2cm dia),1 gros (2.5cm to 3.2cm dia)
1284,1 medium (1.9cm to 2.5cm dia),1 moyen (1.9cm à 2.5cm dia)
1285,"stem ends, rootlets and trimmings","bout de tiges, radicelle et parures"
1286,1 squash (10cm dia),1 courge (10cm dia)
1287,"seeds, rind and trimmings","pépins, zeste/pelure/écorce et parures"
1288,"seeds, rind, trimmings and cutting loss","graines, peau et parures"
1289,rind and seeds,zeste/pelure/écorce et pépins
1290,100 ml chopped or sliced,100 ml haché ou tranché
1291,125 ml chopped or sliced,125 ml haché ou tranché
1292,250 ml chopped or sliced,250 ml haché ou tranché
1293,100 ml cherry totatoes,100 ml tomate cerise
1294,125 ml cherry tomatoes,125 ml tomates cerises
1295,250 ml cherry tomatoes,250 ml tomates cerises
1296,1 italian tomato,1 tomate italienne
1297,1 plum tomato,1 tomate oblongue
1298,1 large whole (7.6cm dia),1 gros entier (7.6cm dia)
1299,1 medium whole (6.6cm dia),1 moyen entier (6.6cm dia)
1300,1 small whole (6cm dia),1 petit entier (6cm dia)
1301,1 wedge (1/4 of medium tomato),1 quartier (1/4 de tomate moyenne)
1302,"1 medium (7cm long, 6.4cm dia)","1 moyen (7cm long, 6.4cm dia)"
1303,"1 ring (7.6cm dia, 0.6cm thick)","1 anneau (7.6cm dia, 0.6cm épaisseur)"
1305,parings and part tops,pelure et partie de la tige
1306,stems and flowers,tiges et fleurs
1307,60 ml hulled,60 ml écalé
1308,125 ml hulled,125 ml écalé
1309,60 ml ground,60 ml moulu
1310,125 ml ground,125 ml moulu
1311,60 ml slices,60 ml tranches
1312,60 ml whole,60 ml entier
1313,100 ml slivered,100 ml effilé
1314,60 ml slivered,60 ml effilé
1315,125 ml slivered,125 ml effilé
1316,1 almond,1 amande
1317,30 ml packed,30 ml pressés
1318,60 ml packed,60 ml pressés
1319,100 ml whole or halves,100 ml entiers ou moitiés
1320,60 ml whole or halves,60 ml entiers ou moitiés
1321,125 ml whole or halves,125 ml entiers ou moitiés
1322,"125 ml shredded, not packed","125 ml filamenté, non pressé"
1323,"125 ml shredded, packed","125 ml filamenté, pressé"
1324,60 ml chopped,60 ml haché
1325,60 ml halves,60 ml moitiés
1326,60 ml pieces,60 ml morceaux
1327,"250 ml with shell, yields",250 ml avec écales - rendement
1328,100 ml halves or whole,100 ml moitiés ou entier
1329,60 ml halves or whole,60 ml moitiés ou entier
1330,125 ml halves or whole,125 ml moitiés ou entier
1333,125 ml regular,125 ml régulière
1334,250 ml regular,250 ml régulière
1335,100 ml regular,100 ml régulière
1336,"100 ml ripple, ruffle or crinkle cut","100 ml coupe ripple, ruffle ou crinkle"
1337,"125 ml ripple, ruffle or crinkle cut","125 ml coupe ripple, ruffle ou crinkle"
1338,"250 ml ripple, ruffle or crinkle cut","250 ml coupe ripple, ruffle ou crinkle"
1339,250 ml dry,250 ml sec
1340,250 ml unsifted,250 ml non tamisé
1343,250 ml spirals,250 ml spirales
1345,125 ml spirals,125 ml spirales
1348,20 ml,20 ml
1349,20 ml to 30ml,20 ml à 30ml
1350,30 ml to 40ml,30 ml à 40ml
1352,10 ml,10 ml
1353,500 ml,500 ml
1354,1 bottle (330ml),1 bouteille (330ml)
1355,1 bottle (750ml),1 bouteille (750ml)
1356,40 ml,40 ml
1357,1 mini bagel (6.4cm dia),1 mini bagel (6.4cm dia)
1358,1 small bagel (7.6cm dia),1 petit bagel (7.6cm dia)
1359,1 medium bagel (9-10cm dia),1 moyen bagel (9-10cm dia)
1360,1 large bagel (11.4cm dia),1 gros bagel (11.4cm dia)
1362,1 small biscuit (3.8cm dia),1 petit biscuit à la poudre à pâte (3.8cm dia)
1363,1 medium biscuit (6.4cm dia),1 moyen biscuit à la poudre à pâte (6.4cm dia)
1364,1 large biscuit (10.1cm dia),1 gros biscuit à la poudre à pâte (10.1cm dia)
1365,amount to make 1 medium,quantité requise pour préparer 1 moyenne
1366,100 ml purchased,100 ml acheté
1367,250 ml purchased,250 ml acheté
1368,100 ml homemade,100 ml recette maison
1369,250 ml homemade,250 ml recette maison
1370,1/2 medium bagel,1/2 moyen bagel
1371,amount to make 1 small,quantité requise pour préparer 1 petit
1372,amount to make 2 small,quantité requise pour préparer 2 petits
1373,250 ml crumbs,250 ml miettes
1374,1/8 cake,1/8 gâteau
1375,1/8 cake (20cm x 20cm),1/8 gâteau (20cm x 20cm)
1376,1/10 cake (20cm x 20cm),1/10 gâteau (20cm x 20cm)
1377,1/10 cake (20cm  x 15cm),1/10 gâteau (20 cm x 15 cm)
1378,1/10 cake (454g),1/10 gâteau (454g)
1379,1/8 cake (454g),1/8 gâteau (454g)
1380,1/10 cake (25.4cm dia tube),1/10 gâteau (25.4cm dia tube)
1381,1/8 cake (25.4cm dia tube),1/8 gâteau (25.4cm dia tube)
1382,1/8 cake (5cm x20cm dia),1/8 gâteau (5cm x20cm dia)
1383,1/8 cake (482g),1/8 gâteau (482g)
1384,1 mini doughnut (3.81cm) or doughnut hole,1 mini beigne (3.81cm) ou trou de beigne
1385,250 ml poured,250 ml versé
1386,10 peanuts,10 arachides
1388,3 patties (5.7cm dia),3 boulettes (5.7cm dia)
1389,250 ml stirred,250 ml mélangé
1390,amount to make 60ml,quantité requise pour préparer 60ml
1391,amount to make 15ml,quantité requise pour préparer 15ml
1393,240 ml,240 ml
1394,1 cube,1 cube
1395,1 raw chicken (1512g),1 poulet cru (1512g)
1398,1 raw chicken (1358g),1 poulet cru (1358g)
1399,125 ml giblets,125 ml abattis
1400,250 ml giblets,250 ml abattis
1401,1 social tea cookie,1 biscuit Thé Social
1402,1 arrowroot cookie,1 biscuit arrowroot
1403,1 animal cracker,1 craquelin en forme d'animaux
1405,1 bite size cookie,1 mini biscuit (petite bouchée)
1406,250 ml crushed,250 ml écrasé
1407,1 cracker (2.54cm dia),1 craquelin (2.54cm dia)
1408,1 goldfish,1 Goldfish (p'tits poissons)
1410,1 cracker (11.4 x 6.4 x .13),1 craquelin (11.4 x 6.4 x .13)
1411,1 mini cream puff,1 mini chou à la crème
1413,1 mini,1 mini
1414,1 pastry  (17.8cm dia),1 pâtisserie (17.8cm dia)
1415,1 waffle cone,1 cornet gaufré
1417,1 extra large,1 extra gros
1418,1 tart shell,1 croûte à tartelette
1420,1 shell (16.5cm dia),1 coquille (16.5cm dia)
1424,1 piece (9.5cm x 4.4cm x .13cm dia),1 morceau (9.5cm x 4.4cm x .13cm dia)
1427,125 ml chips,125 ml brisures
1428,250 ml chips,250 ml brisures
1430,10 small beans,10 petites fêves
1431,1 slice (.3cm x 6cm dia),1 tranche (0.3cm x 6cm dia)
1434,1 slice (.6cm x 5cm dia),1 tranche (0.6cm x 5cm dia)
1435,1 slice (.6cm x 6.5cm dia),1 tranche (0.6cm x 6.5cm dia)
1436,1 slice (.6cm x 8cm dia),1 tranche (0.6cm x 8cm dia)
1438,125 ml sifted,125 ml tamisé
1440,125 ml unsifted,125 ml non tamisé
1443,1 bar (62.5g),1 barre (62.5g)
1444,10 gummy worms,10 vers en gélatine
1445,10 gummy fish,10 poissons en gélatine
1446,10 gummy bears,10 oursons en gélatine
1447,10 gummy dinosaurs,10 dinosaures en gélatine
1449,"fat, veins and connective tissue","gras, veines et tissus conjonctif"
1450,bone and connective tissue,os et tissu conjonctif
1451,1 fruit (5.4cm dai),1 fruit (5.4cm dai)
1453,1 small biscuit (6.4cm dia),1 petit biscuit à la poudre à pâte (6.4cm dia)
1454,30 g,30 g
1455,100 g,100 g
1456,40 g,40 g
1457,140 g,140 g
1458,6 halves,6 moitiés
1459,1/2 fruit,1/2 fruit
1460,1/4 fruit,1/4 fruit
1461,55 g,55 g
1462,2 fruits,2 fruits
1463,1 medium fruit (5.7cm dia),1 fruit moyen (5.7cm dia)
1464,2 medium fruit,2 fruit moyen
1465,1/8 fruit,1/8 fruit
1466,150 g,150 g
1467,15 g,15 g
1468,60 ml unpacked,60 ml non pressé
1469,1/2 fruit (6.4cm),1/2 fruit (6.4cm)
1470,85 g,85 g
1471,65 g,65 g
1472,6 spears,6 pointes
1473,6 medium spears (13.3cm to 17.8cm long),6 tiges moyennes (13.3cm à 17.8cm long)s
1474,4 sprouts,4 graines germées
1475,"1 leaf, large","1 feuille, gros"
1476,"1 leaf, medium","1 feuille, moyen"
1477,"1 head, large (18cm dia)","1 tête, grosse (18cm dia)"
1478,"1 head, medium (14.5cm  dia)","1 tête, moyenne (14.5cm dia)"
1479,"1 head, small (10.5cm dia)","1 tête, petite (10.5cm dia)"
1480,8 medium,8 moyen
1481,4 g,4 g
1482,110 g,110 g
1483,200 ml pieces,200 ml morceaux
1484,0.5g,0.5g
1485,2 hearts,2 coeurs
1486,1/2 root (24cm long),1/2 racine (24cm long)
1487,1/2 large,1/2 gros
1488,10 mushrooms,10 champignons
1489,125 g,125 g
1490,10 pods,10 cosses
1491,4 peppers,4 piments
1492,2 peppers,2 piments
1493,8 peppers,8 piments
1494,20 g,20 g
1495,2 pancakes (7cm dia),2 crêpes (7cm dia)
1496,75 g,75 g
1497,70 g,70 g
1498,160 g,160 g
1499,20 strips,20 frites (strips)
1500,3 radishes (17cm long),3 radis - (17cm long)
1501,1/2 medium,1/2 moyen
1502,amount to make 55g,quantité requise pour préparer 55g
1503,3 sticks (19.4cm x 1.6cm dia),3 bâtonnets (19.4cm x 1.6cm dia)
1504,amount to make 100g prepared,quantité requise pour préparer 100g
1505,1/2 slice (11.1cm x 6.3cm x 1.3cm),1/2 tranche (11.1cm x 6.3cm x 1.3cm)
1506,amount to make 1/2 slice,quantité requise pour préparer 1/2 tranche
1507,1/2 slice,1/2 tranche
1509,1/2 pita (16.5cm dia),1/2 pita (16.5cm dia)
1510,80 g,80 g
1512,amount to make 80g,quantité requise pour préparer 80g
1513,amount to make 1/12 cake,quantité requise pour préparer 1/12 gâteau
1514,amount to make 1/9 cake,quantité requise pour préparer 1/9 gâteau
1515,1/10 cake (340g),1/10 gâteau (340g)
1516,amount to make 1/8 cake,quantité requise pour préparer 1/8 gâteau
1517,10 cookies,10 biscuits
1518,1/2 cookie (7.0cm x 2.2cm),1/2 biscuit (7.0cm x 2.2cm)
1519,amount to make 1 cookie,quantité requise pour préparer 1 biscuit
1520,amount to make 40g,quantité requise pour préparer 40g
1521,2 medium cookies (5cm dia),2 moyen biscuits (5cm dia)
1522,2 medium cookies (5.7cm dia),2 moyen biscuits (5.7cm dia)
1523,amount to make 2 cookies,quantité requise pour préparer 2 biscuits
1524,amount to make 30g,quantité requise pour préparer 30g
1525,2 medium cookies,2 moyen biscuits
1526,3 medium cookies,3 moyen biscuits
1527,3 medium cookies (6cm x 6cm),3 moyen biscuits (6cm x 6cm)
1528,2 medium cookies (1.9cm x 4.4cm),2 moyen biscuits (1.9cm x 4.4cm)
1529,2 medium cookies (1cm x 8cm),2 moyen biscuits (1cm x 8cm)
1530,2 medium cookies (7cm dia),2 moyen biscuits (7cm dia)
1531,3 small cookies (4cm x 4cm),3 petit biscuits (4cm x 4cm)
1532,3 medium wafers,3 gaufrettes moyennes
1533,2 medium cookies (8cm x 3cm x 1cm),2 moyen biscuits (8cm x 3cm x 1cm)
1534,4 medium wafers,4 gaufrettes moyennes
1535,15 small crackers,15 petits craquelins
1536,3 medium crackers,3 craquelins moyens
1537,5 medium crackers,5 craquelins moyens
1538,4 toasts,4 biscottes
1539,2 medium crackers,2 craquelins moyens
1540,4 medium crackers,4 craquelins moyens
1541,6 crackers,6 craquelins
1542,4 sandwiches,4 sandwiches
1543,10 thin squares,10 carrés minces
1544,6 squares,6 carrés
1545,7 g,7 g
1546,1/2 muffin,1/2 muffin
1547,0.6g,0.6g
1548,amount to make 1/2 medium muffin,quantité requise pour préparer 1/2 muffin moyen
1549,amount to make 55g muffin,quantité requise pour préparer muffin de 55g
1550,1/2 muffin (5cm x 7cm),1/2 muffin (5cm x 7cm)
1551,amount to make 75g pancake,quantité requise pour préparer crêpe de 75g
1552,1/6 crust (20cm dia),1/6 croûte (20cm dia)
1553,amount to make 1/6 crust (20cm dia),quantité requise pour préparer 1/6 croûte (20cm dia)
1554,amount to make 1 popover,quantité requise pour préparer 1 popover
1555,1/2 roll,1/2 petit pain (pain mollet)
1556,1/2 sweet roll (7cm x 7cm),1/2 brioche (7cm x 7cm)
1557,2 shells (12.7cm dia),2 coquilles (12.7cm dia)
1558,1/2 pastry,1/2 pâtisserie
1559,1 foot,1 pied
1560,100 ml shaved,100 ml tranché très mince
1561,250 ml shaved,250 ml tranché très mince
1562,1 half,1 moitié
1563,1 date pitted,1 date dénoyauté
1564,1 slice cooked,1 tranche cuite
1565,1 slice raw,1 tranche cru
1566,core and damaged outer leaves,noyau et feuilles extérieures endommagées
1567,15 pieces,15 morceaux
1568,27 pieces,27 morceaux
1569,17 pieces,17 morceaux
1570,16 pieces,16 morceaux
1572,no serving specified,portion non spécifiée
1573,10 g,10 g
1574,25 g,25 g
1576,2 g,2 g
1579,60 g,60 g
1580,1 food guide serving = 90g,1 portion du guide alimentaire = 90g
1581,1 food guide serving = 75g,1 portion du guide alimentaire = 75g
1582,amount to make 175ml cooked,quantité requise pour préparer 175ml cuit
1583,54 g,54 g
1584,amount to make 140g,quantité requise pour préparer 140g
1585,4 small,4 petit
1586,355 ml,355 ml
1587,130 ml,130 ml
1588,amount to make 105ml,quantité requise pour préparer 105ml
1589,90 ml,90 ml
1590,5 g,5 g
1591,amount to make 175ml,quantité requise pour préparer 175ml
1592,105 ml,105 ml
1597,3 g,3 g
1598,amount to make 35ml,quantité requise pour préparer 35ml
1599,35 ml,35 ml
1601,45 g,45 g
1602,215 g,215 g
1603,2 sticks,2 bâtonnets
1606,2 hushpuppies,2 hush puppies
1607,195 g,195 g
1608,3 egg whites,3 blancs d'oeuf
1609,2 large eggs,2 oeufs larges (gros)
1610,4 egg yolks,4 jaunes d'œuf
1611,1/2 egg,1/2 oeuf
1612,10 eggs,10 oeufs
1614,1/2 bagel = 1 food guide serving,1/2 bagel = 1 portion guide alimentaire
1615,1 slice = food guide portion,1 tranche = portion du guide alimentaire
1616,10 saltines,10 biscotins salés
1618,stems and seeds,tiges et pépins
1620,1 small papad,1 petit papad
1621,1 large papad,1 grand papad
1622,125 ml crushed,125 ml écrasé
1624,1 flower and leaf,1 fleur et feuille
1627,"250 ml raw, yields","250 ml cru, rendement"
1628,1 tortilla (7.6cm dia),1 tortilla (7.6cm dia)
1629,1 tortilla (12.7cm dia),1 tortilla (12.7cm dia)
1630,1 tortilla (20cm dia),1 tortilla (20cm dia)
1631,1 tortilla (25cm dia),1 tortilla (25cm dia)
1632,1 tortilla (15.2cm dia),1 tortilla (15.2cm dia)
1633,1 tortilla,1 tortilla
1634,1 tortilla (15.2-17.8cm dia),1 tortilla (15.2-17.8cm dia)
1635,1 tortilla (17.8-20cm dia),1 tortilla (17.8-20cm dia)
1636,1 tortilla (30.5cm dia),1 tortilla (30.5cm dia)
1638,2 cakes,2 gâteaux
1639,14 g,14 g
1641,15 ml ground,15 ml moulu
1642,100 g raw with bones (yield after cooking bone removed),"100 g cru avec os (rendement après cuisson, désossé)"
1643,100 g raw skinless with bones (yield after cooking bone removed),"100 g cru, sans peau, avec os (rendement après cuisson, désossé)"
1644,100 g raw skinless boneless (yield after cooking),"100 g cru, sans peau, désossé (rendement après cuisson)"
1645,1 yolk,1 jaune d'œuf
1647,3 cookies,3 biscuits
1649,1 burrito,1 burrito
1650,4 crackers (20g),4 craquelins (20g)
1652,35 g,35 g
1654,30 twists,30 torsades
1656,"60 ml shredded, not packed","60 ml filamenté, non pressé"
1657,60 ml shredded,60 ml filamenté
1658,100 ml flowerets,100 ml fleurettes
1659,125 ml flowerets,125 ml fleurettes
1660,250 ml flowerets,250 ml fleurettes
1661,1 licorice,1 réglisse
1662,2 rectangles,2 rectangles
1663,4 crackers,4 craquelins
1664,4 slices,4 tranches
1665,3 medium,3 moyen
1666,7 medium,7 moyen
1667,99 g,99 g
1668,5 large,5 gros
1669,4 medium,4 moyen
1670,3 pieces,3 morceaux
1671,3 slices,3 tranches
1672,1 pee wee egg,1 très petit oeuf
1674,1 small bag,1 petit sac
1675,17 chips,17 croustilles
1676,2 social tea,2 Thé Social
1677,"1 packet, prepared","1 sachet, préparé"
1678,1 small container,1 petit contenant
1679,1 large container,1 gros contenant
500198,1 packet,1 sachet
500261,"1 oz, raw (yield after cooking)","1 oz, cru (rendement après cuisson)"
500366,"1/2 chicken (yield after cooking, bone removed)",1/2 poulet (rendement après cuisson et désossage)
500453,"1 slice (6-1/2"" x 2-3/8"" x 3/8"")","1 tranche (6-1/2"" x 2-3/8"" x 3/8"")"
500470,1 cocktail frank,1 saucisse fumée cocktail
500580,10 shrimp,10 crevette
500611,1 ball,1 boule
500835,1 tart,1 tartelette
500849,1 miniature,1 miniature
500921,"1 pizza (10"" dia)","1 pizza (10"" dia)"
501013,10 wedges,10 quartiers
501219,"1 small pita (4"" dia)","1 petit pita (4"" dia)"
501221,"1 medium pita (5-1/4"" dia)","1 moyen pita (5-1/4"" dia)"
501263,"1 large pita (6-1/2"" dia)","1 gros pita (6-1/2"" dia)"
501310,1 bagel chip,1 croustille de bagel
501382,1 chipwich,1 chipwich
501392,1 container (from fast food restaurant),1 contenant (de restaurant rapide)
501458,1 dixie cup (3.5 fl oz),1 dixie cup (3.5 once liquide)
501470,"1 extra large (9"")","1 extra gros (9"")"
501511,1 hamburger or sandwich roll,1 petit pain à hamburger (hambourgeois) ou à sandwich
501559,1 klondike krispy bar (5 fl oz),1 barre Klondike croustillante (5 once liquide)
501577,"1 large chappatti or roti (8"")","1 gros chappatti ou roti (8"")"
501583,1 large dip/scoop,1 grosse boule de crème glacée
501588,1 large frosty,1 gros Frosty
501711,"1 medium chappatti or roti (7"")","1 moyen chappatti ou roti (7"" dia)"
501729,1 medium frosty,1 moyen Frosty
501750,1 medium scoop/dip,1 boule de crème glacée moyenne
501775,"1 miniature pizza (5"" dia)","1 pizza miniature (5"" dia)"
501793,1 oreo sandwich,1 sandwich Oreo
501842,"1 pan, dinner, or small roll (2"" square, 2"" high)","1 petit pain mollet (2'' carré, 2'' haut)"
501875,"1 pizza (9"" dia)","1 pizza (9"" dia)"
501942,"1 small chappatti or roti (6"")","1 petit chappatti ou roti (6"" dia)"
501949,1 small dip/scoop,1 petite boule de crème glacée
501956,1 small frosty,1 petit Frosty
502080,1 weight watchers treat bar (2.75 fl oz),1 barre Weight Watchers (2.75 once liquide)
502315,10 potato puffs,10 morceaux de pomme de terre
502333,26 small chips,26 petites croustilles
502334,2 jumbos,2 jumbos
502335,15 small,15 petit
502337,"1 ear, small, 14 - 16.5cm","1 épi, petit, 14 - 16.5cm"
502338,"1 ear, medium, 17 - 19cm","1 épi, moyen, 17 - 19cm"
502339,"1 ear, large, 20 - 23cm","1 épi, gros, 20 - 23cm"
502341,1/6 cake (15cm diam),1/6 gâteau (15cm dia)
502342,06-Jan,06-Jan
502343,1 individual shell,1 coquille individuelle
502345,1 bag,1 sac
502359,"1 whole (12"" dia)","1 entier / entière (12"" dia)"
502360,1 Wheat Thins,1 Wheat Thins
502366,"1 whole (6"" dia)","1 entier / entière (6"" dia)"
502388,1 can (540ml),1 cannette / boite de conserve (540ml)
502390,1 sweet roll,1 brioche
502395,1 container (100g),1 contenant (100g)
502396,1 container (175g),1 contenant (175g)
502400,"1 pizza (11"" dia)","1 pizza (11"" dia)"
502403,1 medium (5cm dia),1 moyen (5cm dia)
502404,1 large (6.4cm dia),1 gros (6.4cm dia)
502405,1 loaf,1 pain
502408,1 spray (about 1/3 second),1 vaporisation (environ 1/3 seconde)
502409,1 rusk,1 biscotte (rusk)
502411,1 snack bag,1 sachet collation
502412,2 bars,2 barres
502413,1 hop & go,1 Hop & Go
502414,1 leclerc,1 Leclerc
502415,nature valley,Nature Valley
502416,quaker,barre granole Quaker
502417,leclerc,Leclerc
502418,president's choice,choix du président
502419,"1 bar, unspecified","1 barre, non spécifiée"
502420,kellogg's,Kellogg's
502421,1 large egg white,1 blanc d'œuf large (gros)
502422,1 naan (25 cm dia),1 naan (25cm dia)
502423,1 small (7.6 cm dia),1 petit (7.6 cm dia)
502425,1 large (17.8 cm dia),1 gros (17.8 cm dia)
502426,1 small (6.4 cm dia),1 petit (6.4 cm dia)
502427,1 medium (7cm dia),1 moyen (7cm dia)
502428,1 large (8.3cm dia),1 gros (8.3cm dia)
502430,1/10 cake (1-layer),1/10 gâteau (1-étage)
502431,1/10 cake (2-layer),1/10 gâteau (2-étage)
502433,bone and cartilage,os et cartilage
502434,1 bottle (358ml),1 bouteille (358ml)
502435,1 cocktail,1 cocktail
502436,125 ml flaked,125 ml flocon
502437,250 ml flakes,250 ml flocons
502438,1 fillet (16cm x 9cm x 1cm),1 filet (16cm x 9cm x 1cm)
502439,1 square (7.5 cm x 9 cm),1 carré (7.5 cm x 9 cm)
502440,1 samosa,1 samosa
502441,"1 sandwich, 15 cm long (6'')","1 sandwich, 15 cm long (6'')"
502442,1 stick (7.6 cm long),1 bâtonnet (7.6 cm long)
502443,1 fajita,1 fajita
502444,1 quesadilla,1 quésadilla
502445,1 large cookie (8.9 cm x 10.2 cm),1 gros biscuit (8.9 cm x 10.2 cm)
502446,1 piece (1/10 of a loaf),1 morceau (1/10 d'un pain)
502447,2 round waffles,2 gaufres rondes
502450,"skin, subcutaneous fat and breading","peau, gras sous cutané et panure"
502452,2 egg yolks,2 jaunes d'œuf
502453,1/2 piece,1/2 morceau
502454,04-Jan,04-Jan
502455,"100 g raw as purchased, with skin, (including bone)","100 g cru, à l'achat, avec peau (incluant os)"
502459,4 pieces,4 morceaux
502460,amount to make 500ml,quantité requise pour préparer 500ml
502461,amount to make 50g,quantité requise pour préparer 50g
502462,1 order,1 portion commandée
502463,1 bulb peeled,1 bulbe pelé
502464,"5 bulbs, peeled","5 bulbes, pelés"
502466,amount to make 2 eggs,quantité requise pour préparer 2 oeufs
502468,90 g,90 g
502469,15 chips,15 croustilles
502470,12 chips,12 croustilles
502471,20 chips,20 croustilles
502472,8 crackers,8 craquelins
502473,15 crackers,15 craquelins
502474,1 mini eclair,1 mini éclair
502475,"1 can, drained solids, bone and skin removed","1 cannette / boite de conserve, égouttée solides, os et peau enlevé"
502476,"1 can, drained","1 cannette / boite de conserve, égouttée"
502477,1 slice presliced,1 tranche prétranchée
502478,1 bun,1 1 pain
502479,1/2 large bagel,1/2 gros bagel
502480,"1 pizza (14"")","1 pizza (14"")"
502481,1 taco,1 taco
502485,1 fruit (11.9 cm x 7 cm dia),1 fruit (11.9 cm x 7 cm dia)
502486,1 regular slice,1 tranche régulière
502487,1 extra thick slice,1 tranche très épaisse
502488,60 ml crumbs,60 ml miettes
502489,125 ml crumbs,125 ml miettes
502491,1 large container (200ml),1 gros contenant (200ml)
502492,1 outer leaf,1 feuille extérieure
502493,1 inner leaf,1 feuille intérieure
502494,1 can (250ml),1 cannette / boite de conserve (250ml)
502495,1 can (473ml),1 cannette / boite de conserve (473ml)
502496,1 can (650 ml),1 cannette / boite de conserve (650 ml)
502497,1 can (444 ml),1 cannette / boite de conserve (444 ml)
502498,1 bottle (60ml),1 bouteille (60ml)
502499,1 slice or roll,1 tranche ou pain mollet (petit pain)
502500,1 piece (17.8 cm dia),1 morceau (17.8 cm dia)
502501,1 piece (20 cm dia),1 morceau (20 cm dia)
502502,"1 slice, shaved","1 tranche, émincée"
502503,1 individual package,1 portion individuelle
502504,1/6 of 12''pizza,1/6 d'une pizza de 12''
502505,1/8 of a 14''pizza,1/8 d'une pizza de 14''
502506,"stem, core and seeds","tige, coeur, et pépins"
502507,"seeds, skin and core","pépins, peau et coeur"
502508,"1 fruit, without seeds and skin","1 fruit, sans la peau ni les pépins"
502509,100 ml seeds/ arils,100 ml graine / arille
502510,125 ml seeds / arils,125 ml graines / arilles
502511,250 ml seeds / arils,250 ml graines / arilles
502512,60 ml seeds / arils,60 ml graines / arilles
502513,skin and membrane,peau et membranes
502514,1 fruit (10cm diam.),1 fruit (10cm diam.)
502515,1 onion,1 oignon
502516,"6 rings
",6 anneaux
502517,15 ml whole,15 ml entier
502518,30 ml ground,30 ml moulu
502519,1 scoop,1 mesurette
502521,1 lobster,1 homard
502522,"454 g (with shell), yield after shell removed","454 g (avec coquille), rendement après retrait de la coquille"
502523,1 steak,1 bifteck
502524,1 cookie (average of brands),1 biscuit (moyenne de différentes marques)
502525,1 very large cookie (approx. 9 - 10cm diam),1 très gros biscuit (approx. 910cm diam)
502526,1 round cracker,1 craquelin rond
502527,1 frozen crust,1 croûte congelée
502528,1 miniature bar,1 barre miniature
502529,"1 sub, 6 inch (15cm)","1 sous-marin, 6 pouces (15 cm)"
502530,26 pieces,26 morceaux
502531,tail and shell,queue et carapace
502532,"skin, head, viscera and bones","peau, tête, viscères et os"
502533,23 pieces,23 morceaux
502534,55 crackers,55 craquelins
502535,8 pieces,8 morceaux
502536,5 pieces,5 morceaux
502549,8 cookies,8 biscuits
502551,100 calorie portion,100 portion de (insérer chiffre) calorie
502553,1 can (569ml),1 cannette / boite de conserve (569ml)
502556,1 school milk carton,1 berlingot de lait - école
502558,1 individual container,1 contenant individuel
502562,1 rack,1 carré (rack)
502598,5 ml ground,5 ml moulu
502599,5 ml whole,5 ml entier
502600,1 small fruit (6.9cm dia),1 petit fruit (6.9cm dia)
502601,1 medium fruit (7.6 cm dia),1 fruit moyen (7.6cm dia)
502602,1 extra small fruit (6.4cm dia),1 très petit fruit (6.4 cm dia)
502603,1 thigh with skin,1 haut de cuisse avec peau
502604,1 thigh without skin,1 haut de cuisse sans la peau
502605,1/4 sausage ring,1/4 anneau de saucisse
502606,1 extra large (7.6 cm dia),1 extra gros (7.6 cm dia)
502616,"1 shank, cross cut","1 jarret, coupe transversale"
502617,1 large (20-25 cm dia),1 gros (20-25 cm dia)
502618,1 small (12-15 cm dia),1 petit (12-15 cm dia)
502619,1/6 package,1/6 emballage
502620,1/10 ring,1/10 rondelle
502621,1/9 package,1/9 emballage
502675,1 blackberry,1 mûre
502676,baby carrot,mini-carotte
502677,1 frozen container,1 contenant congelé
502678,1 bottle (59ml),1 bouteille (59ml)
502679,1 small (4.4 cm to 5.7 cm),1 petit (4.4 cm to 5.7 cm)
502680,1 medium (5.7 cm to 7.6 cm),1 moyen (5.7 cm to 7.6 cm)
502681,1 large (7.6 cm to 10.8 cm),1 gros (7.6 cm to 10.8 cm)
502685,188 ml,188 ml
502686,8 wafers,8 gaufrette
502687,8 mini wafers,8 mini gaufrettes
502688,250 ml spaghetti,250 ml spaghetti
502689,250 ml macaroni,250 ml macaroni
502690,250 ml penne,250 ml penne
502691,250 ml rotini,250 ml rotini
502692,250 ml shells,250 ml coquilles
502693,250 ml lasagna,250 ml lasgne
502694,250 ml farfalle,250 ml farfalle
502695,"1/4 pizza (12"")","1/4 pizza (12"")"
502696,12 fries,12 frites
502697,2 cookies,2 biscuits
502698,4 fruits,4 fruits
502699,amount to make 375ml,quantité requise pour préparer 375ml
502700,333 ml,333 ml
502701,200 g,200 g
502702,1 piece (10cm x 15cm),1 morceau (10cm x 15cm)
502703,3 pierogies,3 pierogis
502704,1 turnover,1 chausson
502705,300 g,300 g
502706,100 ml chocolate covered raisins,100 ml raisins enrobés de chocolat
502707,125 ml chocolate covered raisins,125 ml raisins enrobés de chocolat
502708,"1 peanut butter cup
",1 moule au beurre d'arachide
502709,1 square - milk chocolate,1 carré - chocolat au lait
502710,1 piece - chocolate wafer,1 morceau - gaufrette au chocolat
502712,1 large (25cm dia),1 gros (25cm dia)
502713,1 small (15cm dia),1 petit (15cm dia)
505783,15 ml shredded,15 ml filamentés
505784,15 ml grated,15 ml râpé
